{"mean": {"accuracy": 0.4222608695652174, "ece": 0.22111637734330214, "m1_auroc": 0.0, "m1_auprc": 0.05148179195051075, "m2_auroc": 0.0, "m2_auprc": 0.7451174004263093, "t_ece": 0.18758621096611025, "t_m1_auroc": 0.0, "t_m1_auprc": 0.051481925699138065, "t_m2_auroc": 0.0, "t_m2_auprc": 0.7451178295494567}, "std": {"accuracy": NaN, "ece": NaN, "m1_auroc": NaN, "m1_auprc": NaN, "m2_auroc": NaN, "m2_auprc": NaN, "t_ece": NaN, "t_m1_auroc": NaN, "t_m1_auprc": NaN, "t_m2_auroc": NaN, "t_m2_auprc": NaN}, "values": {"accuracy": [0.4222608695652174], "ece": [0.22111637734330214], "m1_auroc": [0.0], "m1_auprc": [0.05148179195051075], "m2_auroc": [0.0], "m2_auprc": [0.7451174004263093], "t_ece": [0.18758621096611025], "t_m1_auroc": [0.0], "t_m1_auprc": [0.051481925699138065], "t_m2_auroc": [0.0], "t_m2_auprc": [0.7451178295494567]}, "info": {"seed": 1, "dataset": "carla", "ood_dataset": "svhn", "data_aug": false, "gpu": true, "batch_size": 128, "load_loc": "carla_train_models/", "model": "resnet18", "runs": 1, "sn": true, "coeff": 3.0, "mod": false, "ensemble": 5, "model_type": "softmax"}}